<?xml version="1.0" encoding="UTF-8"?>
<beans xmlns="http://www.springframework.org/schema/beans"
	xmlns:xsi="http://www.w3.org/2001/XMLSchema-instance"
	xmlns:mybatis-spring="http://mybatis.org/schema/mybatis-spring"
	xmlns:util="http://www.springframework.org/schema/util"
	xmlns:jdbc="http://www.springframework.org/schema/jdbc"
	xmlns:context="http://www.springframework.org/schema/context"
	xmlns:aop="http://www.springframework.org/schema/aop"
	xsi:schemaLocation="http://www.springframework.org/schema/jdbc http://www.springframework.org/schema/jdbc/spring-jdbc-4.1.xsd
		http://mybatis.org/schema/mybatis-spring http://mybatis.org/schema/mybatis-spring-1.2.xsd
		http://www.springframework.org/schema/beans https://www.springframework.org/schema/beans/spring-beans.xsd
		http://www.springframework.org/schema/context http://www.springframework.org/schema/context/spring-context-4.1.xsd
		http://www.springframework.org/schema/aop http://www.springframework.org/schema/aop/spring-aop-4.1.xsd
		http://www.springframework.org/schema/util http://www.springframework.org/schema/util/spring-util-4.1.xsd">
	
	<!-- Root Context: defines shared resources visible to all other web components -->
		
		<context:component-scan base-package="com.vs.my" />
	
	
	<bean id="dataSource" class="org.springframework.jdbc.datasource.DriverManagerDataSource">
         <property name="driverClassName" value="oracle.jdbc.driver.OracleDriver"/>
         <!-- <property name="url" value="jdbc:oracle:thin:@DESKTOP-S1PLQAG:1521:xe" /> -->
         <property name="url" value="jdbc:oracle:thin:@localhost:1521:xe" />
         <property name="username" value="hr"/>
         <property name="password" value="hr"/>
         	</bean>
         	
         	
         	<!--  sqlSessionFactory :Sql실행시 객체 생성 -->
         	<bean id="sqlSessionFactory" class="org.mybatis.spring.SqlSessionFactoryBean">

	<property name="dataSource" ref="dataSource" />   <!-- db와 스프링을 연동 시켜주는 JDBC의 dataSource -->

	<property name="configLocation" value="classpath:/mybatis-config.xml" />

	<property name="mapperLocations" value="classpath:/mapper/*.xml" />		

</bean>

	<!--  sqlSession: DB사용이 끝나면 sqlSessoionFactory 에 접근하여 커넨션을 close()해줌.-->
	<bean id="sqlSession" class="org.mybatis.spring.SqlSessionTemplate" destroy-method="clearCache">

	<constructor-arg name="sqlSessionFactory" ref="sqlSessionFactory"></constructor-arg>

	</bean>  
	
	<bean id="spring.RegularCommonsMultipartResolver"

  class="org.springframework.web.multipart.commons.CommonsMultipartResolver">

    <property name="maxUploadSize" value="100000000" />

    <property name="maxInMemorySize" value="100000000" />
    
	</bean>
	<alias name="spring.RegularCommonsMultipartResolver" alias="multipartResolver" />
 
 
</beans>
